{"cameraMode":{"drawMode":0,"name":"Shaded","section":"Shading Mode"},"sceneLighting":false,"audioPlay":false,"sceneViewState":{"m_AlwaysRefresh":false,"showFog":true,"showSkybox":false,"showFlares":true,"showImageEffects":true,"showParticleSystems":true,"showVisualEffectGraphs":true,"m_FxEnabled":true},"in2DMode":false,"pivot":{"x":0.4906195104122162,"y":-0.4051551818847656,"z":1.997204303741455},"rotation":{"x":-0.11176164448261261,"y":0.012520969845354557,"z":-0.001356909517198801,"w":-0.9936845302581787},"size":1.538108468055725,"orthographic":false}