{"cameraMode":{"drawMode":0,"name":"Shaded","section":"Shading Mode"},"sceneLighting":false,"audioPlay":false,"sceneViewState":{"m_AlwaysRefresh":false,"showFog":true,"showSkybox":false,"showFlares":true,"showImageEffects":true,"showParticleSystems":true,"showVisualEffectGraphs":true,"m_FxEnabled":true},"in2DMode":false,"pivot":{"x":0.35062944889068606,"y":-0.4129055142402649,"z":-0.6220990419387817},"rotation":{"x":-0.005623199976980686,"y":0.9745064973831177,"z":-0.2230411320924759,"w":-0.024565577507019044},"size":0.7082375288009644,"orthographic":false}