{"cameraMode":{"drawMode":0,"name":"Shaded","section":"Shading Mode"},"sceneLighting":false,"audioPlay":false,"sceneViewState":{"m_AlwaysRefresh":false,"showFog":true,"showSkybox":false,"showFlares":true,"showImageEffects":true,"showParticleSystems":true,"showVisualEffectGraphs":true,"m_FxEnabled":true},"in2DMode":false,"pivot":{"x":-0.0006605386734008789,"y":0.6450309157371521,"z":0.0999976098537445},"rotation":{"x":0.6576569080352783,"y":0.11498213559389115,"z":-0.10984928160905838,"w":0.7372450232505798},"size":1.0226579904556275,"orthographic":false}