{"cameraMode":{"drawMode":0,"name":"Shaded","section":"Shading Mode"},"sceneLighting":true,"audioPlay":false,"sceneViewState":{"m_AlwaysRefresh":false,"showFog":true,"showSkybox":true,"showFlares":true,"showImageEffects":true,"showParticleSystems":true,"showVisualEffectGraphs":true,"m_FxEnabled":true},"in2DMode":false,"pivot":{"x":7.6082282066345219,"y":-6.526278495788574,"z":15.326175689697266},"rotation":{"x":0.2946418225765228,"y":0.002540670335292816,"z":-0.002098212717100978,"w":0.9558826088905335},"size":9.887090682983399,"orthographic":false}